{
  "token_acc":1.0,
  "token_p":1.0,
  "token_r":1.0,
  "token_f":1.0,
  "cats_score":0.8817454373,
  "cats_score_desc":"macro F",
  "cats_micro_p":0.883,
  "cats_micro_r":0.883,
  "cats_micro_f":0.883,
  "cats_macro_p":0.881370684,
  "cats_macro_r":0.8821655793,
  "cats_macro_f":0.8817454373,
  "cats_macro_auc":0.9462652377,
  "cats_f_per_type":{
    "droite":{
      "p":0.897996357,
      "r":0.8898916968,
      "f":0.8939256573
    },
    "gauche":{
      "p":0.8647450111,
      "r":0.8744394619,
      "f":0.8695652174
    }
  },
  "cats_auc_per_type":{
    "droite":0.9463502291,
    "gauche":0.9461802464
  },
  "speed":456276.8056005447
}