{
  "docs": 97931,
  "labels": 5,
  "dups_total": 0,
  "dups_per_label": {},
  "length_tokens": {
    "crawl-actionfrancaise-20251003_000000": {
      "n": 10632,
      "median": 1.0,
      "p90": 1.0
    },
    "crawl-cce-full-20250927_234505": {
      "n": 161,
      "median": 1.0,
      "p90": 1.0
    },
    "crawl-contretemps-20250928_003525": {
      "n": 19141,
      "median": 1.0,
      "p90": 1.0
    },
    "crawl-eco-full-20250928_000354": {
      "n": 676,
      "median": 1.0,
      "p90": 1.0
    },
    "crawl-er-20251003_231234": {
      "n": 67321,
      "median": 1.0,
      "p90": 1.0
    }
  }
}