{
  "token_acc":1.0,
  "token_p":1.0,
  "token_r":1.0,
  "token_f":1.0,
  "cats_score":0.0391916276,
  "cats_score_desc":"macro F",
  "cats_micro_p":0.1086217243,
  "cats_micro_r":0.1086217243,
  "cats_micro_f":0.1086217243,
  "cats_macro_p":0.0217243449,
  "cats_macro_r":0.2,
  "cats_macro_f":0.0391916276,
  "cats_macro_auc":0.5,
  "cats_f_per_type":{
    "crawl-actionfrancaise-20251003_000000":{
      "p":0.1086217243,
      "r":1.0,
      "f":0.1959581379
    },
    "crawl-cce-full-20250927_234505":{
      "p":0.0,
      "r":0.0,
      "f":0.0
    },
    "crawl-contretemps-20250928_003525":{
      "p":0.0,
      "r":0.0,
      "f":0.0
    },
    "crawl-eco-full-20250928_000354":{
      "p":0.0,
      "r":0.0,
      "f":0.0
    },
    "crawl-er-20251003_231234":{
      "p":0.0,
      "r":0.0,
      "f":0.0
    }
  },
  "cats_auc_per_type":{
    "crawl-actionfrancaise-20251003_000000":0.5,
    "crawl-cce-full-20250927_234505":0.5,
    "crawl-contretemps-20250928_003525":0.5,
    "crawl-eco-full-20250928_000354":0.5,
    "crawl-er-20251003_231234":0.5
  },
  "speed":453577.4918697326
}